,Total Jobs,Jobs Earning at or Under 1250$/month,Jobs Earning Between 1251$ and 3333/month,Jobs Earning Over 3333$/month,No Tax Commute Cost,No Tax Commute Time,Full Tax Commute Time,Full Tax Commute Cost,Half Tax Commute Cost,Half Tax Commute Time
0,1,0,1,0,12799.609292668287,26407.796925776474,16591.281666719573,11588.288172407345,12799.609292668287,26407.796925776474
1,1,0,0,1,2332.2956328471023,1301.772773314115,1301.772773314115,2332.2956328471023,2332.2956328471023,1301.772773314115
2,1,0,1,0,6624.198008616944,3266.5618043727113,3266.5618043727113,6624.198008616944,6624.198008616944,3266.5618043727113
3,1,0,1,0,6823.19132173034,3380.2530426441936,3380.2530426441936,6823.19132173034,6823.19132173034,3380.2530426441936
4,1,0,0,1,5814.506856870703,2806.1499911816304,2806.1499911816304,5814.506856870703,5814.506856870703,2806.1499911816304
5,1,0,0,1,12512.977425406256,21828.783914330612,13713.510922466947,11371.287357428271,12512.977425406256,21828.783914330612
6,1,1,0,0,2685.3632897756133,1437.7405450937267,1437.7405450937267,2685.3632897756133,2685.3632897756133,1437.7405450937267
7,1,1,0,0,6276.184813294626,3280.0538123896467,3280.0538123896467,6276.184813294626,6276.184813294626,3280.0538123896467
8,1,0,1,0,6105.170661537084,2909.199780984167,2909.199780984167,6105.170661537084,6105.170661537084,2909.199780984167
9,1,1,0,0,4028.327230323527,1984.8000345074042,1984.8000345074042,4028.327230323527,4028.327230323527,1984.8000345074042
10,1,0,0,1,2526.5450488543856,1395.8666411114946,1395.8666411114946,2526.5450488543856,2526.5450488543856,1395.8666411114946
11,1,0,0,1,2950.0868504010905,1502.2264130352592,1501.7001172504777,2937.7916152462244,2950.0868504010905,1502.2264130352592
12,1,0,0,1,12265.730895538134,23920.49880511935,14759.953095913614,11147.456976271505,12265.730895538134,23920.49880511935
13,1,0,0,1,6324.452545644651,3164.2598947051674,3164.2598947051674,6324.452545644651,6324.452545644651,3164.2598947051674
14,1,0,1,0,1964.9192698749316,1141.4490792758916,1141.4490792758916,1964.9192698749316,1964.9192698749316,1141.4490792758916
15,1,0,0,1,3524.432549549848,1659.108588245834,1659.108588245834,3524.432549549848,3524.432549549848,1659.108588245834
16,1,0,1,0,6413.996711706612,3116.41771602744,3116.41771602744,6413.996711706612,6413.996711706612,3116.41771602744
17,1,0,0,1,12573.795761985291,5704.239012916295,5684.575317541048,11330.71876924469,12573.795761985291,5704.239012916295
18,1,0,0,1,7855.867332298795,3954.555328473164,3954.555328473164,7855.867332298795,7855.867332298795,3954.555328473164
19,1,0,0,1,2222.4097014831173,1092.4408832724102,1092.4408832724102,2222.4097014831173,2222.4097014831173,1092.4408832724102
20,1,0,1,0,6428.00424138691,3174.2983138077066,3174.2983138077066,6428.00424138691,6428.00424138691,3174.2983138077066
21,1,0,0,1,7192.000458693831,3608.710297804152,3608.710297804152,7192.000458693831,7192.000458693831,3608.710297804152
22,1,0,0,1,2609.071217227011,1268.4710517118965,1268.4710517118965,2609.071217227011,2609.071217227011,1268.4710517118965
23,1,1,0,0,3835.7626427134646,1904.9298384650187,1904.9298384650187,3835.7626427134646,3835.7626427134646,1904.9298384650187
24,1,0,0,1,3520.928382376695,1786.5431720863767,1786.5431720863767,3520.928382376695,3520.928382376695,1786.5431720863767
25,1,0,0,1,2848.1940630392464,1442.688172900263,1442.688172900263,2848.1940630392464,2848.1940630392464,1442.688172900263
26,1,0,0,1,3527.538530930279,1715.932663174842,1715.932663174842,3527.538530930279,3527.538530930279,1715.932663174842
27,1,0,1,0,3537.0655566544897,1806.454618048664,1806.454618048664,3537.0655566544897,3537.0655566544897,1806.454618048664
28,1,0,0,1,12838.95648474384,14331.865894037643,10113.446174018405,11694.826100704639,12838.95648474384,14331.865894037643
29,1,1,0,0,8014.626514398665,3962.2105602588817,3962.2105602588817,8014.626514398665,8014.626514398665,3962.2105602588817
30,1,0,1,0,3790.559030983974,2029.0669861954927,1966.2887079906104,3791.662770128807,3790.559030983974,2029.0669861954927
31,1,0,1,0,12278.94996306139,23926.727406015278,14730.178241629099,11161.142468095313,12278.94996306139,23926.727406015278
32,1,0,1,0,7505.250397094374,3638.3569302887418,3638.3569302887418,7505.250397094374,7505.250397094374,3638.3569302887418
33,1,0,0,1,2497.319219757222,1348.6590144924262,1348.6590144924262,2497.319219757222,2497.319219757222,1348.6590144924262
34,1,1,0,0,1939.9461768999001,1099.8246287818129,1099.8246287818129,1939.9461768999001,1939.9461768999001,1099.8246287818129
35,1,0,0,1,3381.1468014785796,1782.6549646719916,1782.6549646719916,3381.1468014785796,3381.1468014785796,1782.6549646719916
36,1,0,0,1,2664.84511370505,1414.2912604004946,1414.2912604004946,2664.84511370505,2664.84511370505,1414.2912604004946
37,1,0,0,1,3767.82180562033,1885.827356563023,1885.827356563023,3767.82180562033,3767.82180562033,1885.827356563023
38,1,0,0,1,5568.023632435752,2477.959528934348,2477.959528934348,5568.023632435752,5568.023632435752,2477.959528934348
39,1,0,0,1,12693.92135651194,5773.1955588548735,5769.71470868269,11534.256817274889,12693.92135651194,5773.1955588548735
40,1,0,1,0,2456.6878326389888,1374.5810359841257,1374.5810359841257,2456.6878326389888,2456.6878326389888,1374.5810359841257
41,1,1,0,0,7589.732959585357,3707.2826936094234,3707.2826936094234,7589.732959585357,7589.732959585357,3707.2826936094234
42,1,1,0,0,6346.180512021544,3057.58676067851,3057.58676067851,6346.180512021544,6346.180512021544,3057.58676067851
43,1,1,0,0,7133.395265772484,3465.8071548391854,3465.8071548391854,7133.395265772484,7133.395265772484,3465.8071548391854
44,1,0,1,0,2913.4115382221703,1510.9228922603127,1510.9228922603127,2913.4115382221703,2913.4115382221703,1510.9228922603127
45,1,0,1,0,12337.532922770939,21665.369707386082,13642.017872671573,11206.37261484386,12337.532922770939,21665.369707386082
46,1,0,0,1,3512.398233936181,1861.1031277562101,1861.1031277562101,3512.398233936181,3512.398233936181,1861.1031277562101
47,1,0,1,0,5926.302018523382,3025.161176091083,3025.161176091083,5926.302018523382,5926.302018523382,3025.161176091083
48,1,0,0,1,6693.026862631438,3219.4854324915314,3219.4854324915314,6693.026862631438,6693.026862631438,3219.4854324915314
49,1,0,1,0,3184.19972951656,1515.4503061717296,1515.4503061717296,3184.19972951656,3184.19972951656,1515.4503061717296
50,1,0,0,1,2952.3588310513232,1506.7682551260386,1506.7682551260386,2952.3588310513232,2952.3588310513232,1506.7682551260386
51,1,1,0,0,5828.138457038286,2610.0680768157454,2610.0680768157454,5828.138457038286,5828.138457038286,2610.0680768157454
52,1,0,0,1,2844.7865129373063,1499.237999314555,1499.237999314555,2844.7865129373063,2844.7865129373063,1499.237999314555
53,1,0,0,1,6984.7703740206325,3339.5333082245807,3339.5333082245807,6984.7703740206325,6984.7703740206325,3339.5333082245807
54,1,1,0,0,3007.978567520129,1605.1267377591726,1605.1267377591726,3007.978567520129,3007.978567520129,1605.1267377591726
55,1,0,0,1,4279.490550356611,2212.6186234974543,2212.6186234974543,4279.490550356611,4279.490550356611,2212.6186234974543
56,1,0,0,1,6224.940839300728,3157.3912698114164,3157.3912698114164,6224.940839300728,6224.940839300728,3157.3912698114164
57,1,0,1,0,2603.8182050133396,1334.0790244074337,1334.0790244074337,2603.8182050133396,2603.8182050133396,1334.0790244074337
58,1,0,0,1,3786.538367509533,1869.6168578750178,1869.6168578750178,3786.538367509533,3786.538367509533,1869.6168578750178
59,1,0,0,1,12059.855899365713,5414.839791605844,5340.3529552172895,10930.801290304567,12059.855899365713,5414.839791605844
60,1,0,0,1,3590.668100345526,1812.5313611702834,1812.5313611702834,3590.668100345526,3590.668100345526,1812.5313611702834
61,1,0,0,1,5997.669507472867,2921.717417581912,2921.717417581912,5997.669507472867,5997.669507472867,2921.717417581912
62,1,1,0,0,6184.699791758172,3037.6781664941163,3037.6781664941163,6184.699791758172,6184.699791758172,3037.6781664941163
63,1,1,0,0,2757.625864918649,1487.0736511320574,1487.0736511320574,2757.625864918649,2757.625864918649,1487.0736511320574
64,1,0,1,0,3706.0510749368095,1773.6798100070248,1773.6798100070248,3706.0510749368095,3706.0510749368095,1773.6798100070248
65,1,0,0,1,2049.762680325076,1021.5370440182583,1021.5370440182583,2049.762680325076,2049.762680325076,1021.5370440182583
66,1,0,0,1,3186.248314930986,1509.0130362006953,1509.0130362006953,3186.248314930986,3186.248314930986,1509.0130362006953
67,1,0,0,1,3257.574857891753,1483.1464177899945,1483.1464177899945,3257.574857891753,3257.574857891753,1483.1464177899945
68,1,0,0,1,2459.58530558887,1377.271301082365,1377.271301082365,2459.58530558887,2459.58530558887,1377.271301082365
69,1,0,1,0,2181.7593341198312,1175.2062880071792,1175.2062880071792,2181.7593341198312,2181.7593341198312,1175.2062880071792
70,1,0,0,1,2830.460671297195,1387.7787308986394,1387.7787308986394,2830.460671297195,2830.460671297195,1387.7787308986394
71,1,0,1,0,4245.70343139342,2074.4436708875583,2074.4436708875583,4245.70343139342,4245.70343139342,2074.4436708875583
72,1,0,1,0,4212.787238887303,2068.5836123519052,2068.5836123519052,4212.787238887303,4212.787238887303,2068.5836123519052
73,1,0,1,0,3124.21589865686,1597.7814994614312,1597.7814994614312,3124.21589865686,3124.21589865686,1597.7814994614312
74,1,0,0,1,3102.5702797631657,1522.0542523989911,1522.0542523989911,3102.5702797631657,3102.5702797631657,1522.0542523989911
75,1,0,0,1,2513.730397051429,1435.895490077205,1435.895490077205,2513.730397051429,2513.730397051429,1435.895490077205
76,1,0,1,0,4023.8044760548255,2002.523452914526,2002.523452914526,4023.8044760548255,4023.8044760548255,2002.523452914526
77,1,0,0,1,3094.84427237531,1408.611285676558,1408.611285676558,3094.84427237531,3094.84427237531,1408.611285676558
78,1,0,0,1,11304.543955794363,4956.862570714915,4956.862570714915,10276.278523852641,11304.543955794363,4956.862570714915
79,1,0,0,1,6958.506598932853,3288.714940907498,3288.714940907498,6958.506598932853,6958.506598932853,3288.714940907498
80,1,0,0,1,2880.53459120794,1435.1529466198874,1435.1529466198874,2880.53459120794,2880.53459120794,1435.1529466198874
81,1,0,0,1,8086.731114579886,3983.282676526335,3983.282676526335,8086.731114579886,8086.731114579886,3983.282676526335
82,1,0,0,1,6059.603906865565,2718.7166884760313,2718.7166884760313,6059.603906865565,6059.603906865565,2718.7166884760313
83,1,0,0,1,1939.8616086419972,1043.1776896097726,1043.1776896097726,1939.8616086419972,1939.8616086419972,1043.1776896097726
84,1,0,1,0,3509.2497024942522,1709.9156832410422,1709.9156832410422,3509.2497024942522,3509.2497024942522,1709.9156832410422
85,1,0,0,1,7213.382433715106,3635.2575612214487,3635.2575612214487,7213.382433715106,7213.382433715106,3635.2575612214487
86,1,0,1,0,3382.847741153305,1529.4582505729854,1529.4582505729854,3382.847741153305,3382.847741153305,1529.4582505729854
87,1,0,1,0,3711.505998140753,1855.4152056831092,1855.4152056831092,3711.505998140753,3711.505998140753,1855.4152056831092
88,1,0,0,1,12969.430090149901,24180.088816386204,15013.671736404152,11782.310030695973,12969.430090149901,24180.088816386204
89,1,0,1,0,2034.7564439239259,1068.5312654553195,1068.5312654553195,2034.7564439239259,2034.7564439239259,1068.5312654553195
90,1,0,1,0,3006.8877728683065,1666.1116658939695,1666.1116658939695,3006.8877728683065,3006.8877728683065,1666.1116658939695
91,1,0,0,1,3405.354292074444,1653.519802342998,1653.519802342998,3405.354292074444,3405.354292074444,1653.519802342998
92,1,0,1,0,2602.6696272266486,1445.5683931254264,1445.5683931254264,2602.6696272266486,2602.6696272266486,1445.5683931254264
93,1,0,0,1,4186.382207637907,2117.622925492915,2117.622925492915,4186.382207637907,4186.382207637907,2117.622925492915
94,1,0,1,0,2836.9152834553934,1483.2572279930796,1483.2572279930796,2836.9152834553934,2836.9152834553934,1483.2572279930796
95,1,1,0,0,2784.090265874903,1346.5338626401708,1346.5338626401708,2784.090265874903,2784.090265874903,1346.5338626401708
96,1,1,0,0,2768.924935183182,1333.156566736006,1333.156566736006,2768.924935183182,2768.924935183182,1333.156566736006
97,1,0,0,1,2415.4234763314403,1334.117980687544,1334.117980687544,2415.4234763314403,2415.4234763314403,1334.117980687544
98,1,0,1,0,12939.43269690677,24126.52475665765,14958.52150834257,11716.46135485117,12939.43269690677,24126.52475665765
99,1,0,0,1,3543.6233062474384,1825.228337936439,1825.228337936439,3543.6233062474384,3543.6233062474384,1825.228337936439
100,1,1,0,0,2391.5222760980555,1283.1209548845313,1283.1209548845313,2391.5222760980555,2391.5222760980555,1283.1209548845313
101,1,0,0,1,2604.0533072213248,1319.110351795273,1319.110351795273,2604.0533072213248,2604.0533072213248,1319.110351795273
102,1,0,0,1,8322.229390956549,4137.955828657907,4137.955828657907,8322.229390956549,8322.229390956549,4137.955828657907
103,1,1,0,0,6754.736924837097,3409.281906421067,3409.281906421067,6754.736924837097,6754.736924837097,3409.281906421067
104,1,0,0,1,12793.052461263354,6759.9904930403945,6249.310030560053,11585.493145691602,12793.052461263354,6759.9904930403945
105,1,0,0,1,3204.2681491859435,1503.9885433643196,1503.9885433643196,3204.2681491859435,3204.2681491859435,1503.9885433643196
106,1,0,0,1,3116.771139757028,1413.799330553294,1413.799330553294,3116.771139757028,3116.771139757028,1413.799330553294
107,1,0,1,0,6187.576838684137,3094.819281293124,3094.819281293124,6187.576838684137,6187.576838684137,3094.819281293124
108,1,0,0,1,9843.523065348685,4995.4812197945,4995.4812197945,8948.733423686168,9843.523065348685,4995.4812197945
109,1,0,0,1,5147.856296866604,2508.538898644847,2508.538898644847,5147.856296866604,5147.856296866604,2508.538898644847
110,1,0,0,1,11590.517024803044,4984.622555727694,4974.284124132202,10516.665112170733,11590.517024803044,4984.622555727694
111,1,0,1,0,2473.02956375388,1406.3343259336211,1406.3343259336211,2473.02956375388,2473.02956375388,1406.3343259336211
112,1,0,1,0,2065.9704137834037,1177.4991153565913,1177.4991153565913,2065.9704137834037,2065.9704137834037,1177.4991153565913
113,1,0,0,1,3146.00202647153,1486.2858017928415,1486.2858017928415,3146.00202647153,3146.00202647153,1486.2858017928415
114,1,1,0,0,3378.5310131312744,1655.7030226369782,1655.7030226369782,3378.5310131312744,3378.5310131312744,1655.7030226369782
115,1,1,0,0,3288.5519403519966,1683.180438897668,1683.180438897668,3288.5519403519966,3288.5519403519966,1683.180438897668
116,1,0,0,1,3383.1577481856516,1527.2481012001463,1527.2481012001463,3383.1577481856516,3383.1577481856516,1527.2481012001463
117,1,0,0,1,5620.379965838982,2875.4078050724133,2875.4078050724133,5620.379965838982,5620.379965838982,2875.4078050724133
118,1,0,0,1,3146.55855569863,1521.3496908440777,1521.3496908440777,3146.55855569863,3146.55855569863,1521.3496908440777
119,1,0,0,1,2858.1439298583127,1459.2653834103814,1459.2653834103814,2858.1439298583127,2858.1439298583127,1459.2653834103814
120,1,0,0,1,3385.9458925606773,1972.2590483521042,1910.0398789478277,3387.23904598564,3385.9458925606773,1972.2590483521042
121,1,0,0,1,2768.8267176351483,1357.8690290911024,1357.8690290911024,2768.8267176351483,2768.8267176351483,1357.8690290911024
122,1,0,1,0,3374.769762043964,1604.2603874519596,1604.2603874519596,3374.769762043964,3374.769762043964,1604.2603874519596
123,1,0,0,1,2018.3867883752516,1178.8614849463122,1178.8614849463122,2018.3867883752516,2018.3867883752516,1178.8614849463122
124,1,1,0,0,2231.3707290776388,1220.923961725639,1220.923961725639,2231.3707290776388,2231.3707290776388,1220.923961725639
125,1,0,0,1,2695.2827982570166,1337.338277931804,1337.338277931804,2695.2827982570166,2695.2827982570166,1337.338277931804
126,1,1,0,0,7294.833085028522,3645.276579255632,3645.276579255632,7294.833085028522,7294.833085028522,3645.276579255632
127,1,0,0,1,3256.0892244389047,1760.7863106062714,1760.7863106062714,3256.0892244389047,3256.0892244389047,1760.7863106062714
128,1,0,0,1,2611.069155872977,1294.962151756137,1294.962151756137,2611.069155872977,2611.069155872977,1294.962151756137
129,1,0,0,1,7127.792275828833,3478.6640464737225,3478.6640464737225,7127.792275828833,7127.792275828833,3478.6640464737225
130,1,0,0,1,2034.7881838877022,1093.4155877922826,1093.4155877922826,2034.7881838877022,2034.7881838877022,1093.4155877922826
131,1,1,0,0,6347.232575561334,3151.8670059904343,3151.8670059904343,6347.232575561334,6347.232575561334,3151.8670059904343
132,1,0,1,0,3250.8205280368925,1513.702313953508,1513.702313953508,3250.8205280368925,3250.8205280368925,1513.702313953508
133,1,0,0,1,2963.864926948186,1510.7008125943757,1510.7008125943757,2963.864926948186,2963.864926948186,1510.7008125943757
134,1,0,0,1,7067.146141208166,3530.156957964125,3530.156957964125,7067.146141208166,7067.146141208166,3530.156957964125
135,1,0,0,1,2852.9501853753145,1403.1431190366877,1403.1431190366877,2852.9501853753145,2852.9501853753145,1403.1431190366877
136,1,1,0,0,6430.864723708257,3162.5272153026563,3162.5272153026563,6430.864723708257,6430.864723708257,3162.5272153026563
137,1,0,0,1,7745.837707131083,3775.9462638400882,3775.9462638400882,7745.837707131083,7745.837707131083,3775.9462638400882
138,1,0,0,1,2785.9679643030327,1374.914937135712,1374.914937135712,2785.9679643030327,2785.9679643030327,1374.914937135712
139,1,1,0,0,7686.92364512725,3784.204804765183,3784.204804765183,7686.92364512725,7686.92364512725,3784.204804765183
140,1,0,0,1,3001.484536524547,1543.697635637694,1543.697635637694,3001.484536524547,3001.484536524547,1543.697635637694
141,1,0,1,0,8091.283405212151,4098.257412225704,4098.257412225704,8091.283405212151,8091.283405212151,4098.257412225704
142,1,1,0,0,7242.795839224422,3554.282378059995,3554.282378059995,7242.795839224422,7242.795839224422,3554.282378059995
143,1,0,1,0,3212.8141808938576,1742.2921481217884,1742.2921481217884,3212.8141808938576,3212.8141808938576,1742.2921481217884
144,1,0,0,1,12794.190175078873,24106.033343031453,14903.210921658083,11625.056000171979,12794.190175078873,24106.033343031453
145,1,0,0,1,2963.4411574279093,1444.832275314599,1444.832275314599,2963.4411574279093,2963.4411574279093,1444.832275314599
146,1,0,1,0,12548.43167041097,14033.449680215064,9925.035593707455,11405.5279193978,12548.43167041097,14033.449680215064
147,1,0,0,1,6393.523512829873,3260.0911106368076,3260.0911106368076,6393.523512829873,6393.523512829873,3260.0911106368076
148,1,0,1,0,2342.56444276123,1268.7849835799689,1268.7849835799689,2342.56444276123,2342.56444276123,1268.7849835799689
149,1,0,1,0,6586.435331070326,3229.1125081605624,3229.1125081605624,6586.435331070326,6586.435331070326,3229.1125081605624
150,1,1,0,0,12169.17653328529,12949.537469579795,9129.514452593803,11015.95321904318,12169.17653328529,12949.537469579795
151,1,1,0,0,3455.135691075033,1688.0612078604483,1688.0612078604483,3455.135691075033,3455.135691075033,1688.0612078604483
152,1,0,0,1,5760.827247795404,2745.853996072664,2745.853996072664,5760.827247795404,5760.827247795404,2745.853996072664
153,1,1,0,0,3016.871261125855,1454.4289522785307,1454.4289522785307,3016.871261125855,3016.871261125855,1454.4289522785307
154,1,0,0,1,4057.0277662640683,2035.7143289779444,2035.7143289779444,4057.0277662640683,4057.0277662640683,2035.7143289779444
155,1,0,0,1,3043.7257394781823,1553.993143134353,1553.993143134353,3043.7257394781823,3043.7257394781823,1553.993143134353
156,1,0,1,0,2588.8597666324945,1253.8098719617117,1253.8098719617117,2588.8597666324945,2588.8597666324945,1253.8098719617117
157,1,1,0,0,6015.641598561825,2981.532068000172,2981.532068000172,6015.641598561825,6015.641598561825,2981.532068000172
158,1,0,0,1,11851.913244372756,12561.703243025788,8848.594892981197,10739.111380611035,11851.913244372756,12561.703243025788
159,1,0,0,1,6758.4615188945645,3263.3615097567617,3263.3615097567617,6758.4615188945645,6758.4615188945645,3263.3615097567617
160,1,1,0,0,2446.6550813085496,1372.546293114909,1372.546293114909,2446.6550813085496,2446.6550813085496,1372.546293114909
161,1,1,0,0,7752.386124109782,3861.851717277313,3861.851717277313,7752.386124109782,7752.386124109782,3861.851717277313
162,1,0,0,1,9336.901981128121,4709.11499898264,4709.11499898264,8488.396174303749,9336.901981128121,4709.11499898264
163,1,0,0,1,3590.341710576939,1763.9532152808636,1701.8422398668095,3591.5328358537076,3590.341710576939,1763.9532152808636
164,1,1,0,0,5094.894038291209,2478.108716675647,2478.108716675647,5094.894038291209,5094.894038291209,2478.108716675647
165,1,0,0,1,3342.231264988934,1661.1889029234794,1661.1889029234794,3342.231264988934,3342.231264988934,1661.1889029234794
166,1,0,0,1,3337.3681957376643,1673.1934994379692,1673.1934994379692,3337.3681957376643,3337.3681957376643,1673.1934994379692
167,1,1,0,0,12429.669998657746,6307.920785564891,6307.920785564891,11298.615422004277,12429.669998657746,6307.920785564891
168,1,0,1,0,12962.132843747746,22179.059198682684,14006.487209573665,11777.178105126783,12962.132843747746,22179.059198682684
169,1,0,1,0,3277.09419073949,1458.4212197963072,1458.4212197963072,3277.09419073949,3277.09419073949,1458.4212197963072
170,1,1,0,0,12244.076958070067,21830.179759211595,13657.594595907281,11123.508878734647,12244.076958070067,21830.179759211595
171,1,1,0,0,2545.3483840409604,1482.0699499697216,1482.0699499697216,2545.3483840409604,2545.3483840409604,1482.0699499697216
172,1,0,0,1,6913.921413221688,3471.9256447086937,3471.9256447086937,6913.921413221688,6913.921413221688,3471.9256447086937
173,1,1,0,0,3146.486617555894,1605.6837854138469,1605.6837854138469,3146.486617555894,3146.486617555894,1605.6837854138469
174,1,0,0,1,3118.314736553395,1674.8312419338208,1674.8312419338208,3118.314736553395,3118.314736553395,1674.8312419338208
175,1,0,0,1,3411.4458590864547,1599.6382747375476,1599.6382747375476,3411.4458590864547,3411.4458590864547,1599.6382747375476
176,1,0,0,1,3234.690484977807,1660.2340922963494,1660.2340922963494,3234.690484977807,3234.690484977807,1660.2340922963494
177,1,0,0,1,5643.916496086262,2546.1976692390313,2546.1976692390313,5643.916496086262,5643.916496086262,2546.1976692390313
178,1,1,0,0,4906.227601173659,2481.3647559685696,2481.3647559685696,4906.227601173659,4906.227601173659,2481.3647559685696
179,1,0,1,0,11790.748990815491,12510.816682529028,8808.115942298904,10697.367081474013,11790.748990815491,12510.816682529028
180,1,0,0,1,6059.323456162483,3042.6233036308527,3042.6233036308527,6059.323456162483,6059.323456162483,3042.6233036308527
181,1,1,0,0,6292.567070954996,3036.239183437422,3036.239183437422,6292.567070954996,6292.567070954996,3036.239183437422
182,1,0,0,1,2201.300644425383,1070.4594774652223,1070.4594774652223,2201.300644425383,2201.300644425383,1070.4594774652223
183,1,0,0,1,3484.2211724548083,1679.1397416219884,1679.1397416219884,3484.2211724548083,3484.2211724548083,1679.1397416219884
184,1,1,0,0,6296.872135259643,3034.9074864325357,3034.9074864325357,6296.872135259643,6296.872135259643,3034.9074864325357
185,1,0,0,1,7273.477991887508,3523.346765311483,3522.151353545627,7271.473672249963,7273.477991887508,3523.346765311483
186,1,0,0,1,1856.4996619495907,986.032872126728,986.032872126728,1856.4996619495907,1856.4996619495907,986.032872126728
187,1,1,0,0,12907.228052063036,14325.015385104429,10106.595665085193,11756.860521477103,12907.228052063036,14325.015385104429
188,1,0,0,1,4802.0799594103655,2336.4514080845674,2336.4514080845674,4802.0799594103655,4802.0799594103655,2336.4514080845674
189,1,0,1,0,10124.397364765973,4962.073087627465,4962.073087627465,9203.947638891788,10124.397364765973,4962.073087627465
190,1,0,1,0,3923.3258601221314,1778.7069430762986,1778.7069430762986,3923.3258601221314,3923.3258601221314,1778.7069430762986
191,1,0,0,1,6217.0482761875,3102.8385489321226,3102.8385489321226,6217.0482761875,6217.0482761875,3102.8385489321226
192,1,0,1,0,6650.065658987948,3228.4523259605467,3228.4523259605467,6650.065658987948,6650.065658987948,3228.4523259605467
193,1,0,0,1,7012.301193871244,3451.0190610194245,3451.0190610194245,7012.301193871244,7012.301193871244,3451.0190610194245
194,1,0,0,1,3026.0550568729673,1557.7950400802897,1557.7950400802897,3026.0550568729673,3026.0550568729673,1557.7950400802897
195,1,0,0,1,4207.655097136422,2042.6543836062106,2042.6543836062106,4207.655097136422,4207.655097136422,2042.6543836062106
196,1,1,0,0,3087.44016915633,1420.3723525432736,1420.3723525432736,3087.44016915633,3087.44016915633,1420.3723525432736
197,1,0,0,1,2755.657608558252,1450.722707338277,1450.722707338277,2755.657608558252,2755.657608558252,1450.722707338277
198,1,0,1,0,5385.846550966218,2645.714530146729,2645.714530146729,5385.846550966218,5385.846550966218,2645.714530146729
199,1,0,0,1,3342.266660861052,1640.2414542971303,1640.2414542971303,3342.266660861052,3342.266660861052,1640.2414542971303
200,1,1,0,0,2785.866761670282,1424.0292531060913,1424.0292531060913,2785.866761670282,2785.866761670282,1424.0292531060913
201,1,0,0,1,12406.155263063187,24093.882006006723,14891.059584633356,11272.471140154814,12406.155263063187,24093.882006006723
202,1,0,0,1,6284.353534979229,3113.314203484955,3113.314203484955,6284.353534979229,6284.353534979229,3113.314203484955
203,1,0,0,1,4297.623831123695,2168.8117185188735,2166.200413037397,4279.563427253842,4297.623831123695,2168.8117185188735
204,1,0,1,0,3929.633218047131,2042.163922187756,2042.163922187756,3929.633218047131,3929.633218047131,2042.163922187756
205,1,0,0,1,1678.9560531302502,970.2160159964965,970.2160159964965,1678.9560531302502,1678.9560531302502,970.2160159964965
206,1,1,0,0,12827.158474458016,5762.532857897816,5759.052007725633,11655.321672846978,12827.158474458016,5762.532857897816
207,1,1,0,0,4249.358479194546,2089.5300379142545,2089.5300379142545,4249.358479194546,4249.358479194546,2089.5300379142545
208,1,0,0,1,2239.341840039477,1244.5474756171943,1244.5474756171943,2239.341840039477,2239.341840039477,1244.5474756171943
209,1,0,0,1,6700.207493064401,3087.2095529713356,3087.2095529713356,6700.207493064401,6700.207493064401,3087.2095529713356
210,1,0,1,0,6310.720558708602,3041.979796379531,3041.979796379531,6310.720558708602,6310.720558708602,3041.979796379531
211,1,0,0,1,3525.7855997811043,1725.163814094758,1725.163814094758,3525.7855997811043,3525.7855997811043,1725.163814094758
212,1,0,0,1,2452.908074078591,1343.2571979629063,1343.2571979629063,2452.908074078591,2452.908074078591,1343.2571979629063
213,1,0,0,1,2909.863507381745,1570.100814108957,1574.4646537915835,3042.555526351836,2909.863507381745,1570.100814108957
214,1,0,1,0,6312.688703165449,3049.601679798316,3049.601679798316,6312.688703165449,6312.688703165449,3049.601679798316
215,1,1,0,0,6100.092418538165,3029.2921920184585,3029.2921920184585,6100.092418538165,6100.092418538165,3029.2921920184585
216,1,0,0,1,2547.4274583602933,1299.6548218141552,1289.0831655977463,2569.1210053667046,2547.4274583602933,1299.6548218141552
217,1,0,1,0,12724.377627103755,5740.6018909486265,5736.086354591539,11529.907028783713,12724.377627103755,5740.6018909486265
218,1,0,0,1,2928.052829827832,1517.7533548293177,1517.7533548293177,2928.052829827832,2928.052829827832,1517.7533548293177
219,1,1,0,0,2591.39450955441,1268.2043033742593,1268.2043033742593,2591.39450955441,2591.39450955441,1268.2043033742593
220,1,0,0,1,12533.52197653224,22109.821864596768,13916.812909969758,11392.874842462848,12533.52197653224,22109.821864596768
221,1,1,0,0,8517.205950460122,4207.321788590756,4207.321788590756,7743.585845953652,8517.205950460122,4207.321788590756
222,1,0,1,0,6410.054213455001,3353.295575443508,3353.295575443508,6410.054213455001,6410.054213455001,3353.295575443508
223,1,0,0,1,3521.189724721642,1702.1996225319604,1702.1996225319604,3521.189724721642,3521.189724721642,1702.1996225319604
224,1,1,0,0,8346.185474624113,4156.960148318922,4156.960148318922,8346.185474624113,8346.185474624113,4156.960148318922
225,1,0,0,1,2924.5917248402416,1387.425146524462,1387.425146524462,2924.5917248402416,2924.5917248402416,1387.425146524462
226,1,0,0,1,3762.2608845337095,1874.247858897684,1874.247858897684,3762.2608845337095,3762.2608845337095,1874.247858897684
227,1,0,0,1,3233.9098955929026,1550.001005259201,1550.001005259201,3233.9098955929026,3233.9098955929026,1550.001005259201
228,1,0,1,0,3249.4721164660423,1792.358267459459,1792.358267459459,3249.4721164660423,3249.4721164660423,1792.358267459459
229,1,0,0,1,2956.315688341395,1515.4150009629338,1515.4150009629338,2956.315688341395,2956.315688341395,1515.4150009629338
230,1,0,0,1,11333.32413737306,4922.318217417247,4918.837367245063,10297.960893390502,11333.32413737306,4922.318217417247
231,1,0,1,0,6573.812654840291,3242.4971827913223,3242.4971827913223,6573.812654840291,6573.812654840291,3242.4971827913223
232,1,0,1,0,3000.8855670433486,1487.5240561377725,1487.5240561377725,3000.8855670433486,3000.8855670433486,1487.5240561377725
233,1,1,0,0,3493.8496812196486,1617.0769690463671,1617.0769690463671,3493.8496812196486,3493.8496812196486,1617.0769690463671
234,1,0,0,1,5816.562672044318,2967.234142477715,2967.234142477715,5816.562672044318,5816.562672044318,2967.234142477715
235,1,0,0,1,3740.2702854220383,1843.6635076902512,1843.6635076902512,3740.2702854220383,3740.2702854220383,1843.6635076902512
236,1,1,0,0,12877.04563453437,14383.159730806072,10164.740010786834,11729.435506021557,12877.04563453437,14383.159730806072
237,1,0,1,0,3553.5936095858647,1781.9409908482512,1781.9409908482512,3553.5936095858647,3553.5936095858647,1781.9409908482512
238,1,0,0,1,2560.5241841283096,1391.1926761786908,1391.1926761786908,2560.5241841283096,2560.5241841283096,1391.1926761786908
239,1,0,1,0,12723.395579763197,24169.13709850735,14966.314677133985,11560.72904992494,12723.395579763197,24169.13709850735
240,1,0,0,1,2624.7226939824077,1512.9131803277664,1512.9131803277664,2624.7226939824077,2624.7226939824077,1512.9131803277664
241,1,0,0,1,5876.416729101433,2892.784687872277,2892.784687872277,5876.416729101433,5876.416729101433,2892.784687872277
242,1,0,1,0,4112.0319038272155,1893.370322665115,1893.370322665115,4112.0319038272155,4112.0319038272155,1893.370322665115
243,1,0,1,0,2913.5897825305615,1430.112238223733,1430.112238223733,2913.5897825305615,2913.5897825305615,1430.112238223733
244,1,0,0,1,12320.3881463073,5605.700721162244,5602.21987099006,11194.848814145409,12320.3881463073,5605.700721162244
245,1,0,0,1,8088.194308346159,4101.611042887886,4101.611042887886,8088.194308346159,8088.194308346159,4101.611042887886
246,1,1,0,0,3825.145706071294,1783.8510634001802,1783.8510634001802,3825.145706071294,3825.145706071294,1783.8510634001802
247,1,1,0,0,4024.2433137132166,1850.7777288338225,1850.7777288338225,4024.2433137132166,4024.2433137132166,1850.7777288338225
248,1,0,0,1,7442.923742880189,3619.7323161478694,3619.7323161478694,7442.923742880189,7442.923742880189,3619.7323161478694
249,1,0,0,1,6683.260140158893,3347.8233093010617,3347.8233093010617,6683.260140158893,6683.260140158893,3347.8233093010617
250,1,0,0,1,8291.936613159889,4099.478126380137,4099.478126380137,8291.936613159889,8291.936613159889,4099.478126380137
251,1,0,1,0,7576.841119530854,3864.1089724626463,3864.1089724626463,7576.841119530854,7576.841119530854,3864.1089724626463
252,1,0,0,1,2088.1676390129974,1133.0112719229614,1133.0112719229614,2088.1676390129974,2088.1676390129974,1133.0112719229614
253,1,0,0,1,7966.534166948695,3937.4169353657626,3937.4169353657626,7966.534166948695,7966.534166948695,3937.4169353657626
254,1,0,0,1,2683.20259580829,1288.1713393431928,1288.1713393431928,2683.20259580829,2683.20259580829,1288.1713393431928
255,1,0,0,1,2710.2437044009475,1345.6208352274145,1345.6208352274145,2710.2437044009475,2710.2437044009475,1345.6208352274145
256,1,0,0,1,2871.6590025419823,1545.6524283633594,1545.6524283633594,2871.6590025419823,2871.6590025419823,1545.6524283633594
257,1,1,0,0,3614.238961618836,1607.365011678855,1607.365011678855,3614.238961618836,3614.238961618836,1607.365011678855
258,1,0,0,1,5043.951486179501,2452.993481706394,2452.993481706394,5043.951486179501,5043.951486179501,2452.993481706394
259,1,0,0,1,4587.907503874441,2183.6162959595667,2183.6162959595667,4587.907503874441,4587.907503874441,2183.6162959595667
260,1,0,0,1,6779.74959204756,3269.7078320339715,3269.7078320339715,6779.74959204756,6779.74959204756,3269.7078320339715
261,1,0,0,1,6120.070405499687,3080.90433809137,3080.90433809137,6120.070405499687,6120.070405499687,3080.90433809137
262,1,0,1,0,12079.54381190251,12683.065336248646,8982.49304153828,10974.891027809059,12079.54381190251,12683.065336248646
263,1,0,0,1,6608.985703067597,3178.7509453964376,3178.7509453964376,6608.985703067597,6608.985703067597,3178.7509453964376
264,1,0,0,1,3068.790630395697,1490.494413302772,1490.494413302772,3068.790630395697,3068.790630395697,1490.494413302772
265,1,0,0,1,3517.68245178623,1739.9924990116017,1739.9924990116017,3517.68245178623,3517.68245178623,1739.9924990116017
266,1,0,0,1,1940.51979179445,1416.8161121142175,1416.8161121142175,1940.51979179445,1940.51979179445,1416.8161121142175
267,1,0,1,0,3279.0995462120845,1520.4094579710313,1520.4094579710313,3279.0995462120845,3279.0995462120845,1520.4094579710313
268,1,0,0,1,3750.7371791680894,1869.6827154877094,1869.6827154877094,3750.7371791680894,3750.7371791680894,1869.6827154877094
269,1,1,0,0,6499.2957307802135,3226.7323657828456,3226.7323657828456,6499.2957307802135,6499.2957307802135,3226.7323657828456
270,1,0,0,1,12922.609767896163,21852.635985015735,13824.46826154827,11697.27974216469,12922.609767896163,21852.635985015735
271,1,0,1,0,6532.800745692844,3367.193946263247,3367.193946263247,6532.800745692844,6532.800745692844,3367.193946263247
272,1,0,0,1,3823.958483492813,1860.280043657371,1860.280043657371,3823.958483492813,3823.958483492813,1860.280043657371
273,1,0,0,1,2533.803262365284,1473.9654430027858,1473.9654430027858,2533.803262365284,2533.803262365284,1473.9654430027858
274,1,0,0,1,2880.7575237345695,1340.964856792519,1340.964856792519,2880.7575237345695,2880.7575237345695,1340.964856792519
275,1,0,0,1,3673.451185290648,1774.2340674202499,1774.2340674202499,3673.451185290648,3673.451185290648,1774.2340674202499
276,1,0,0,1,6176.53471126263,2963.8001296323328,2963.8001296323328,6176.53471126263,6176.53471126263,2963.8001296323328
277,1,1,0,0,6489.284717251928,3177.093879321828,3177.093879321828,6489.284717251928,6489.284717251928,3177.093879321828
278,1,1,0,0,2467.743084278733,1354.3560573624097,1354.3560573624097,2467.743084278733,2467.743084278733,1354.3560573624097
279,1,0,0,1,4070.3215631451462,2125.940953616868,2125.940953616868,4070.3215631451462,4070.3215631451462,2125.940953616868
280,1,1,0,0,12276.833483324215,12768.891553896701,9056.419518644838,11140.262749670846,12276.833483324215,12768.891553896701
281,1,0,1,0,3185.5306467144023,1545.3000984964965,1545.3000984964965,3185.5306467144023,3185.5306467144023,1545.3000984964965
282,1,0,0,1,3152.2497410695764,1714.0855213036266,1714.0855213036266,3152.2497410695764,3152.2497410695764,1714.0855213036266
283,1,0,0,1,4120.568109066341,2025.4909137840737,2025.4909137840737,4120.568109066341,4120.568109066341,2025.4909137840737
284,1,1,0,0,8413.229329735685,5038.746114604407,4536.164155863665,8415.276993887412,8413.229329735685,5038.746114604407
285,1,0,0,1,2669.1038141679505,1271.4969112364151,1271.4969112364151,2669.1038141679505,2669.1038141679505,1271.4969112364151
286,1,0,0,1,3458.6789592206947,1740.876588630271,1740.876588630271,3458.6789592206947,3458.6789592206947,1740.876588630271
287,1,0,0,1,10841.492651728928,5497.915905238181,5497.915905238181,9855.530611308943,10841.492651728928,5497.915905238181
288,1,0,1,0,14392.556480826326,25187.511563233835,15987.142955564857,13079.157808330847,13081.738995151625,25187.511563233835
289,1,0,0,1,3168.2936711458483,1519.6890382026745,1519.6890382026745,3168.2936711458483,3168.2936711458483,1519.6890382026745
290,1,0,0,1,6719.0872157012,3219.470638661089,3219.470638661089,6719.0872157012,6719.0872157012,3219.470638661089
291,1,1,0,0,2515.087039155987,1348.5789652569006,1348.5789652569006,2515.087039155987,2515.087039155987,1348.5789652569006
292,1,0,1,0,2484.221604246871,1350.3675121215615,1350.3675121215615,2484.221604246871,2484.221604246871,1350.3675121215615
293,1,0,0,1,8071.773308373658,4958.602144683401,4452.973983079813,8070.4564018060155,8071.773308373658,4958.602144683401
294,1,0,0,1,1782.6291016375503,906.3029558643458,906.3029558643458,1782.6291016375503,1782.6291016375503,906.3029558643458
295,1,0,1,0,2826.7935069138375,1392.16699915161,1392.16699915161,2826.7935069138375,2826.7935069138375,1392.16699915161
296,1,0,0,1,6318.055351718335,2931.2713976467026,2931.2713976467026,6318.055351718335,6318.055351718335,2931.2713976467026
297,1,0,0,1,3829.6102143922126,1866.0902403111952,1866.0902403111952,3829.6102143922126,3829.6102143922126,1866.0902403111952
298,1,0,0,1,1802.6995269556808,934.4362638349271,934.4362638349271,1802.6995269556808,1802.6995269556808,934.4362638349271
299,1,0,1,0,3125.8580248126386,1448.6693004763006,1448.6693004763006,3125.8580248126386,3125.8580248126386,1448.6693004763006
